{
    "baseAsset": "mi17",
    "internalName": "mi17",
    "vehicleType": 5,
    "useHintString": null,
    "health": 100,
    "floatValues01": [
        0.0,
        0.0,
        0.0,
        0.0,
        5.5,
        0.0,
        264.0,
        60.0,
        100.0,
        0.0,
        0.0,
        0.0,
        0.0,
        0.20000000298023224,
        0.20000000298023224,
        0.0,
        0.0,
        0.0,
        30.0,
        30.0,
        3.0,
        3.0,
        5.0,
        3.0,
        240.0,
        264.0,
        651.2000122070313,
        651.2000122070313,
        1.5,
        1.5,
        704.0,
        12.0,
        200.0,
        264.0,
        50.0,
        1000.0,
        0.0
    ],
    "intValues01": [
        1,
        0,
        1,
        1,
        1,
        0,
        1,
        0
    ],
    "vehPhysDef": {
        "physicsEnabled": 0,
        "physPresetName": null,
        "physPreset": "",
        "unkString01": null,
        "accelGraphName": null,
        "steeringAxle": 0,
        "powerAxle": 1,
        "brakingAxle": 1,
        "floatValues01": [
            0.0,
            704.0,
            352.0,
            1760.0,
            60.0,
            60.0,
            10.0,
            7.0,
            0.0,
            40.0,
            2.0,
            40.0,
            2.0,
            1.0,
            5.0,
            1.0,
            1.0,
            2.0,
            2.0,
            1.0,
            1.0,
            0.10000000149011612,
            0.10000000149011612,
            0.019999999552965164,
            0.0,
            352.0,
            0.44999998807907104,
            9.999999747378752e-05,
            0.800000011920929,
            316.8000183105469,
            316.8000183105469,
            10032.0,
            176.0,
            616.0,
            0.0,
            24.639999389648438,
            6.159999847412109,
            299.20001220703125,
            1.75,
            0.10000000149011612,
            0.6000000238418579,
            35200.0,
            800.0,
            400.0,
            0.20000000298023224,
            0.10000000149011612,
            1.0,
            1.0,
            49.279998779296875,
            10.0,
            0.0010000000474974513,
            1.0,
            1.0
        ]
    },
    "floatValues02": [
        0.0,
        0.0,
        0.0,
        704.0,
        7.0,
        0.0,
        5.0,
        10.0,
        1.0,
        0.0,
        0.0,
        0.0
    ],
    "unkString01": null,
    "effect01": "vfx/treadfx/tread_dust_default",
    "effect02": "",
    "effect03": "",
    "effect04": "",
    "effect05": "",
    "floatValues03": [
        0.0,
        0.0,
        52.80000305175781,
        1232.0,
        0.0,
        0.0,
        0.0
    ],
    "intValues02": [
        1
    ],
    "floatValues04": [
        0.0,
        0.0,
        50.0,
        -9.0,
        150.0,
        65.0,
        45.0,
        30.0,
        0.5,
        1.0,
        1.5,
        120.0,
        90.0,
        1.0,
        0.0,
        2.0,
        2.0,
        1.0,
        0.0,
        0.4000000059604645,
        1.2000000476837158,
        35.0,
        35.0,
        400.0,
        0.30000001192092896,
        0.0,
        5.0,
        1.0,
        0.0,
        5.0,
        24.0,
        1.0
    ],
    "vehHelicopterSoftCollisions": 0,
    "vehHelicopterUseGroundFX": 1,
    "vehHelicopterGroundFx": "fx/treadfx/heli_dust_default",
    "vehHelicopterGroundWaterFx": "fx/treadfx/heli_water",
    "floatValues05": [
        1.0,
        0.15000000596046448,
        0.05000000074505806,
        350.0,
        1200.0,
        120.0,
        90.0,
        200.0,
        150.0,
        10.0,
        60.0,
        100.0,
        75.0,
        1.0,
        0.800000011920929,
        9.0,
        6.0,
        60.0,
        100.0,
        220.0,
        0.4000000059604645,
        0.5,
        0.5,
        30.0,
        45.0,
        15.0,
        10.0,
        10.0,
        20.0,
        15.0,
        2.5,
        1.0,
        1200.0,
        500.0,
        15000.0,
        1000.0,
        7000.0,
        10000.0,
        15000.0,
        2.5,
        0.20000000298023224,
        0.11999999731779099,
        0.05000000074505806,
        0.800000011920929,
        0.800000011920929,
        20.0,
        500.0,
        0.0,
        8.0,
        32.0,
        0.0,
        2000.0,
        0.20000000298023224,
        0.10000000149011612,
        0.699999988079071,
        30000.0,
        5000.0,
        10000.0,
        10000.0,
        0.019999999552965164,
        0.05000000074505806,
        0.009999999776482582,
        2500.0,
        2500.0,
        0.009999999776482582,
        0.03999999910593033,
        0.6000000238418579,
        1.7999999523162842,
        0.4000000059604645,
        0.6000000238418579,
        16.0,
        0.8999999761581421,
        0.5,
        1.0,
        4000.0,
        40000.0,
        0.0,
        0.0
    ],
    "unkString02": null,
    "floatValues06": [
        0.0,
        -180.0,
        180.0,
        -1000.0,
        1000.0,
        25.0,
        35.0,
        5.0,
        10.0,
        150.0,
        125.0,
        1.0,
        300.0,
        375.0,
        5.0,
        10.0,
        3000.0,
        2500.0,
        1.0,
        0.8500000238418579,
        20.0,
        1.0,
        15.0,
        1.0,
        0.0,
        0.0,
        0.0,
        8.0,
        0.0,
        0.0,
        1.0,
        1.0,
        0.6000000238418579,
        20.0,
        4.0,
        65.0,
        350.0,
        8.0,
        1000.0,
        1000.0,
        1000.0,
        0.0,
        0.0,
        0.0,
        0.0,
        0.0,
        0.0,
        0.0,
        0.0,
        0.0,
        0.0,
        0.0,
        0.0,
        0.0,
        0.0,
        0.0,
        0.0,
        0.0,
        0.0,
        0.0,
        0.0,
        0.0,
        90.0,
        15.0,
        260.0,
        45.0,
        0.0,
        30.0,
        0.0,
        0.0,
        -75.0,
        0.0,
        40.0,
        160.0,
        0.05000000074505806,
        90.0,
        12.0,
        160.0,
        0.0,
        30.0,
        0.0,
        0.0
    ],
    "turretWeaponName": null,
    "turretWeapon": "",
    "turretHorizSpanLeft": 180.0,
    "turretHorizSpanRight": 180.0,
    "turretVertSpanUp": 30.0,
    "turretVertSpanDown": 80.0,
    "turretHorizResistLeft": 0.0,
    "turretHorizResistRight": 0.0,
    "turretVertResistUp": 0.0,
    "turretVertResistDown": 0.0,
    "turretRotRate": 360.0,
    "turretFireType": 0,
    "turretSpinSnd": "",
    "trophyEnabled": 0,
    "trophyRadius": 300.0,
    "trophyInactiveRadius": 300.0,
    "trophyAmmoCount": 5,
    "trophyReloadTime": 2.0,
    "trophyTags": [
        "",
        "",
        "",
        ""
    ],
    "trophyExplodeFx": "",
    "trophyFlashFx": "",
    "compassFriendlyIcon": "cb_hud_minimap_pavelow_green",
    "compassEnemyIcon": "cb_hud_minimap_pavelow_red",
    "compassFriendlyAltIcon": "cb_hud_minimap_pavelow_green",
    "compassEnemyAltIcon": "cb_hud_minimap_pavelow_red",
    "compassIconWidth": 40,
    "compassIconHeight": 40,
    "idleLowSnd": "",
    "idleHighSnd": "",
    "engineLowSnd": "",
    "engineHighSnd": "",
    "sound01": "",
    "engineSndSpeed": 176.0,
    "audioOriginTag": "",
    "idleLowSndAlt": "",
    "idleHighSndAlt": "",
    "engineLowSndAlt": "",
    "engineHighSndAlt": "",
    "engineSndSpeedAlt": 176.0,
    "audioOriginTagAlt": "",
    "turretSpinSndAlt": "",
    "turretStopSndAlt": "",
    "engineStartUpSnd": "",
    "engineStartUpLength": 0,
    "engineShutdownSnd": "",
    "engineIdleSnd": "",
    "engineSustainSnd": "",
    "engineRampUpSnd": "",
    "engineRampUpLength": 0,
    "engineRampDownSnd": "",
    "engineRampDownLength": 0,
    "suspensionSoftSnd": "",
    "suspensionSoftCompression": 0.30000001192092896,
    "suspensionHardSnd": "",
    "suspensionHardCompression": 0.800000011920929,